{
  "languages": ["pt-br", "en", "es"],
  "translation": [
   /*UI login*/
   {"pt-br": "Nome", "en":"Name","es":"Nombre"},
   {"pt-br": "Senha","en":"Password","es":"Contraseña"},
   {"pt-br": "Confirme Senha","en":"Confirm Password","es":"Confirmar Contraseña"},
   {"pt-br": "Entrar", "en":"Sign in","es":"Iniciar sesión"},
   {"pt-br": "Salvar", "en":"Save","es":"Guardar"},
   {"pt-br": "Usuario salvo com sucesso!", "en":"User saved successfully!","es":"Usuario guardado con éxito!"},
   {"pt-br": "Novo usuario", "en":"New user","es":"Nuevo usuario"},
   {"pt-br": "Usuario já existe!", "en":"User already exist!","es":"!Usuario ya existe!"},
   {"pt-br": "Senha não confirmada!", "en":"Unverified password!","es":"!Contraseña no verificada!"},
   {"pt-br": "Cancelar", "en":"Cancel","es":"Cancelar"},
   {"pt-br": "Login foi sucedido com sucesso!", "en":"Login was successful!","es":"¡El inicio de sesión fue exitoso!"},
   {"pt-br": "O campo do nome esta vázio!", "en":"The name field is empty!","es":"¡El campo de nombre está vacío!"},
   {"pt-br": "O campo da senha esta vázio!", "en":"The password field is empty!","es":"¡El campo de contraseña está vacío!"},
   {"pt-br": "Permissão de autenticação negada!", "en":"Authentication permission denied!","es":"¡Permiso de autenticación denegado!"},
   {"pt-br": "Usuário já esta logado!", "en":"User is already logged in!","es":"¡El usuario ya ha iniciado sesión!"},
   /*UI Serial config*/
   {"pt-br": "Seleciona Serial Porta USB", "en":"Select Serial Port USB","es":"Seleccione Puerto Serie USB"},
   {"pt-br": "Fechar", "en":"Close","es":"Cerca"},
   {"pt-br": "Abrir", "en":"Open","es":"Abrir"},
   {"pt-br": "Porta Serial USB", "en":"Serial Port USB","es":"Puerto serie USB"},
   {"pt-br": "Ferramentas", "en":"Tools","es":"Herramientas"},
   /*Menu user*/
   {"pt-br": "Usuário", "en": "User", "es": "Nombre de usuario"},
   {"pt-br": "Perfil", "en":"Profile","es":"Perfil"},
   {"pt-br": "Novo", "en":"New","es":"Nuevo"},
   {"pt-br": "Atualizar","en":"Update","es":"Actualizar"},
   {"pt-br": "Excluir","en":"Delete","es":"Eliminar"},
   {"pt-br": "Encerrar sessão","en":"Sign out","es":"Cerrar sesión"},
   /*Menu user*/
   /*Dialogs*/
   /*logout*/
   {"pt-br": "Logout", "en": "Logout", "es": "Logout"},
   {"pt-br": "Deseja realmente sair da sessão?", "en": "Do you really want to leave the session?", "es": "¿De verdad quieres salir de la sesión?"},
   
   {"pt-br": "Sim", "en": "Yes", "es": "Si"},
   {"pt-br": "Não", "en": "No", "es": "No"}
      /*Dialogs*/
    ]
}
/* {"pt-br": "", "en":"","es":""}  */
